Workbook
Name FID_1: [1]AGR_Fuels!$A$2

Sheet EB1
X1: Default Units | Y1: Currency | Z1: Activity | AA1: Emissions
D2: COA | E2: GAS | F2: OIL | G2: DSL | H2: KER | I2: LPG | J2: GSL | K2: NAP | L2: HFO | M2: OPP | N2: NUC | O2: BIO | P2: HYD | Q2: WIN | R2: SOL | S2: SLU | T2: HET | U2: ELC | V2: TOT | Y2: M$2021 | Z2: PJ | AA2: kt
C3: REG1 | D3: Solid Fuels | E3: Natural Gas | F3: Crude Oil | G3: Diesel oil | H3: Kerosenes | I3: LPG | J3: Motor spirit | K3: Naphtha | L3: Heavy Fuel Oil | M3: Other Petroleum Products | N3: Nuclear Energy | O3: Biomass | P3: Hydro power | Q3: Wind energy | R3: Solar energy | S3: Industrial Wastes | T3: Derived Heat | U3: Electricity | V3: Total
C4: FINAL
B5: RSD | C5: Residential | D5: =[3]EB1!D16 -> 0 | E5: =[3]EB1!E16 -> 0 | F5: =[3]EB1!F16 -> 0 | G5: =[3]EB1!G16 -> 0 | H5: =[3]EB1!H16 -> 0 | I5: =[3]EB1!I16 -> 8.7784636 | J5: =[3]EB1!J16 -> 0 | K5: =[3]EB1!K16 -> 0 | ... U5: =[3]EB1!U16 -> 15.231997 | V5: =SUM(D5:U5) -> 53.616579
B6: COM | C6: Commercial | D6: =[3]EB1!D17 -> 0 | E6: =[3]EB1!E17 -> 0 | F6: =[3]EB1!F17 -> 0 | G6: =[3]EB1!G17 -> 0 | H6: =[3]EB1!H17 -> 0 | I6: =[3]EB1!I17 -> 5.359104 | J6: =[3]EB1!J17 -> 0 | K6: =[3]EB1!K17 -> 0 | ... U6: =[3]EB1!U17 -> 11.973411 | V6: =SUM(D6:U6) -> 17.352779
B7: IND | C7: Industry | D7: =[3]EB1!D18 -> 20.329845 | E7: =[3]EB1!E18 -> 0 | F7: =[3]EB1!F18 -> 0 | G7: =[3]EB1!G18 -> 9.3960166 | H7: =[3]EB1!H18 -> 0 | I7: =[3]EB1!I18 -> 0.02847024 | J7: =[3]EB1!J18 -> 0 | K7: =[3]EB1!K18 -> 0 | ... U7: =[3]EB1!U18 -> 15.341691 | V7: =SUM(D7:U7) -> 105.16279
B8: AGR | C8: Agriculture | D8: =[3]EB1!D19 -> 0 | E8: =[3]EB1!E19 -> 0 | F8: =[3]EB1!F19 -> 0 | G8: =[3]EB1!G19 -> 8.9932464 | H8: =[3]EB1!H19 -> 0 | I8: =[3]EB1!I19 -> 0 | J8: =[3]EB1!J19 -> 0 | K8: =[3]EB1!K19 -> 0 | ... U8: =[3]EB1!U19 -> 0 | V8: =SUM(D8:U8) -> 8.9932883
B9: TRA | C9: Transport | D9: =[3]EB1!D20 -> 0 | E9: =[3]EB1!E20 -> 0 | F9: =[3]EB1!F20 -> 0 | G9: =[3]EB1!G20 -> 59.234009 | H9: =[3]EB1!H20 -> 2.9927246 | I9: =[3]EB1!I20 -> 1.2346873 | J9: =[3]EB1!J20 -> 28.510015 | K9: =[3]EB1!K20 -> 0 | ... U9: =[3]EB1!U20 -> 0 | V9: =SUM(D9:U9) -> 101.39634
B10: OTH | C10: Other | D10: =[3]EB1!D21 -> 0 | E10: =[3]EB1!E21 -> 0 | F10: =[3]EB1!F21 -> 0 | G10: =[3]EB1!G21 -> 0 | H10: =[3]EB1!H21 -> 0 | I10: =[3]EB1!I21 -> 0 | J10: =[3]EB1!J21 -> 0 | K10: =[3]EB1!K21 -> 0 | ... U10: =[3]EB1!U21 -> 0 | V10: =SUM(D10:U10) -> 9.4588186
B11: NEN | C11: Non Energy | D11: =[3]EB1!D22 -> 0 | E11: =[3]EB1!E22 -> 0 | F11: =[3]EB1!F22 -> 0 | G11: =[3]EB1!G22 -> 0 | H11: =[3]EB1!H22 -> 0 | I11: =[3]EB1!I22 -> 0 | J11: =[3]EB1!J22 -> 0 | K11: =[3]EB1!K22 -> 0 | ... U11: =[3]EB1!U22 -> 0 | V11: =SUM(D11:U11) -> 0
B12: BNK | C12: Bunkers | D12: =[3]EB1!D23 -> 0 | E12: =[3]EB1!E23 -> 0 | F12: =[3]EB1!F23 -> 0 | G12: =[3]EB1!G23 -> 0 | H12: =[3]EB1!H23 -> 0 | I12: =[3]EB1!I23 -> 0 | J12: =[3]EB1!J23 -> 0 | K12: =[3]EB1!K23 -> 0 | ... U12: =[3]EB1!U23 -> 0 | V12: =SUM(D12:U12) -> 0
B13: TFC | C13: Total Final Consumption | D13: =SUM(D5:D12) -> 20.329845 | E13: =SUM(E5:E12) -> 0 | F13: =SUM(F5:F12) -> 0 | G13: =SUM(G5:G12) -> 77.623272 | H13: =SUM(H5:H12) -> 2.9927246 | I13: =SUM(I5:I12) -> 15.400725 | J13: =SUM(J5:J12) -> 28.510015 | K13: =SUM(K5:K12) -> 0 | ... V13: =SUM(V5:V12) -> 295.98059
C16: Data used in the template to buld the model
B19: Sector | C19: Break-out by end-use | D19: Solid Fuels | E19: Natural Gas | F19: Crude oil | G19: Diesel oil | H19: Kerosenes | I19: LPG | J19: Motor spirit | K19: Naphtha | L19: Heavy Fuel Oil | M19: Other Petroleum Products | N19: Nuclear Energy | O19: Biomass | P19: Hydro power | Q19: Wind energy | R19: Solar energy | S19: Industrial Wastes | T19: Derived Heat | U19: Electricity | V19: Total
B20: AGR | C20: OTH | X20: Other
B21: RSD | C21: SC | I21: 0 | O21: 0 | U21: 0.4 | X21: Space Cooling
B22: RSD | C22: AP | U22: 0.35 | X22: Appliancens
B23: RSD | C23: OT | I23: =1-I21-I22 -> 1 | O23: =1-O21-O22 -> 1 | U23: =1-U21-U22 -> 0.25 | X23: Other
B24: COM | C24: SC | I24: 0 | U24: 0.55 | X24: Space Cooling
B25: COM | C25: AP | U25: 0.25 | X25: Appliancens
B26: COM | C26: OT | I26: =1-I24-I25 -> 1 | M26: =1-M24-M25 -> 1 | U26: =1-U24-U25 -> 0.2 | X26: Other
C29: CO2 | D29: Nox | E29: VOC
B30: Emission by sector | C30: Carbon dioxide | D30: NOX | E30: VOC
B31: AGR | C31: 1
B32: RSD | C32: 1
B33: COM | C33: 1

Sheet RES_RCA
B3: Reference Energy System (from VEDA-FE Go-To RES feature)
E5: Demand Sectors: Agriculture, Commercial and Residential

Sheet Sector_Fuels_AGR
B1: Sector Name | C1: Commodity | D1: Description | E1: Deafult unit | F1: Currency | G1: Existing
B2: ='EB1'!B8 -> AGR | C2: ='EB1'!C8 -> Agriculture | D2: Sector Fuel | E2: ='EB1'!Z2 -> PJ | F2: ='EB1'!Y2 -> M$2021 | G2: E | J2: ~FI_Comm
J3: Csets | K3: Region | L3: CommName | M3: CommDesc | N3: Unit | O3: LimType | P3: CTSLvl | Q3: PeakTS | R3: Ctype
J4: *Commodity Set Membership | K4: Region Name | L4: Commodity Name | M4: Commodity Description | N4: Unit | O4: Sense of the Balance EQN. | P4: Timeslice Level | Q4: Peak Monitoring | R4: Electricity Indicator
J5: NRG | L5: =$B$2&[2]EB2!$D$2 -> AGRCOA | M5: =$C$2&" "&[2]EB2!$D$3 -> Agriculture Solid Fuels | N5: =$E$2 -> PJ
L6: =$B$2&[2]EB2!$E$2 -> AGRGAS | M6: =$C$2&" "&[2]EB2!$E$3 -> Agriculture Natural Gas | N6: =$E$2 -> PJ
L7: =$B$2&[2]EB2!$F$2 -> AGROIL | M7: =$C$2&" "&RIGHT([2]EB2!$F$3,3) -> Agriculture oil | N7: =$E$2 -> PJ
L8: =$B$2&[2]EB2!$O$2 -> AGRBIO | M8: =$C$2&" "&[2]EB2!$O$3 -> Agriculture Biomass | N8: =$E$2 -> PJ
L9: =$B$2&[2]EB2!$U$2 -> AGRELC | M9: =$C$2&" "&[2]EB2!$U$3 -> Agriculture Electricity | N9: =$E$2 -> PJ | P9: DAYNITE | R9: ELC
D12: ~FI_T | J12: ~FI_Process
B13: TechName | C13: Comm-IN | D13: Comm-OUT | E13: Share-I~UP | F13: STOCK | G13: EFF | H13: LIFE | J13: Sets | K13: Region | L13: TechName | M13: TechDesc | N13: Tact | O13: Tcap | P13: Tslvl | Q13: PrimaryCG | R13: Vintage
B14: *Technology Name | C14: Input Commodity | D14: Output Commodity | E14: Input Share | F14: Existing Installed Capacity | G14: Efficiency | H14: Lifetime | J14: *Process Set Membership | K14: Region Name | L14: Technology Name | M14: Technology Description | N14: Activity Unit | O14: Capacity Unit | P14: TimeSlice level of Process Activity | Q14: Primary Commodity Group | R14: Vintage Tracking
B15: *Units | F15: =E2&"a" -> PJa | H15: Years | J15: *
B16: =L16 -> FTE-AGRCOA | C16: =RIGHT(D16,3) -> COA | D16: =L5 -> AGRCOA | G16: 1 | H16: 30 | J16: PRE | L16: ="FT"&$G$2&"-"&L5 -> FTE-AGRCOA | M16: =$D$2&" Technology"&" "&$G$1&" "&M5 -> Sector Fuel Technology Existing Agriculture Solid Fuels | N16: =$E$2 -> PJ | O16: =$E$2&"a" -> PJa
B17: =L17 -> FTE-AGRGAS | C17: =RIGHT(D17,3) -> GAS | D17: =L6 -> AGRGAS | G17: 1 | H17: 30 | L17: ="FT"&$G$2&"-"&L6 -> FTE-AGRGAS | M17: =$D$2&" Technology"&" "&$G$1&" "&M6 -> Sector Fuel Technology Existing Agriculture Natural Gas | N17: =$E$2 -> PJ | O17: =$E$2&"a" -> PJa
B18: =L18 -> FTE-AGROIL | C18: =[2]EB2!$G$2 -> DSL | D18: =L7 -> AGROIL | G18: 1 | H18: 30 | L18: ="FT"&$G$2&"-"&L7 -> FTE-AGROIL | M18: =$D$2&" Technology"&" "&$G$1&" "&M7 -> Sector Fuel Technology Existing Agriculture oil | N18: =$E$2 -> PJ | O18: =$E$2&"a" -> PJa
C19: =[2]EB2!$H$2 -> KER | L19: ="FT"&$G$2&"-"&L8 -> FTE-AGRBIO | M19: =$D$2&" Technology"&" "&$G$1&" "&M8 -> Sector Fuel Technology Existing Agriculture Biomass | N19: =$E$2 -> PJ | O19: =$E$2&"a" -> PJa
C20: =[2]EB2!$I$2 -> LPG | L20: ="FT"&$G$2&"-"&L9 -> FTE-AGRELC | M20: =$D$2&" Technology"&" "&$G$1&" "&M9 -> Sector Fuel Technology Existing Agriculture Electricity | N20: =$E$2 -> PJ | O20: =$E$2&"a" -> PJa | P20: DAYNITE
C21: =[2]EB2!$J$2 -> GSL
C22: =[2]EB2!$L$2 -> HFO
C23: =[2]EB2!$M$2 -> OPP
B24: =L19 -> FTE-AGRBIO | C24: =RIGHT(D24,3) -> BIO | D24: =L8 -> AGRBIO | G24: 1 | H24: 30
B25: =L20 -> FTE-AGRELC | C25: =RIGHT(D25,3) -> ELC | D25: =L9 -> AGRELC | G25: 1 | H25: 30
C40: User inputs
C41: Linked to the Energy Balance

Sheet DemTechs_AGR
B1: Sector Name | C1: Description | D1: Type | E1: Activity Unit | F1: Capacity unit | H1: Currency Unit | J1: Existing
B2: ='EB1'!B8 -> AGR | C2: ='EB1'!C8 -> Agriculture | D2: ="Demand Technologies" -> Demand Technologies | E2: ='EB1'!Z2 -> PJ | F2: Pja | H2: ='EB1'!Y2 -> M$2021 | J2: E | O2: ~FI_Comm
M3: Csets | N3: Region | O3: CommName | P3: CommDesc | Q3: Unit | R3: LimType
M4: *Commodity Set Membership | N4: Region Name | O4: Commodity Name | P4: Commodity Description | Q4: Unit | R4: Sense of the Balance EQN.
M5: DEM | O5: =LEFT($M$5,1)&LEFT($B$2,1)&[2]EB2!$C$20 -> DAOT | P5: =LEFT($D$2,6)&" "&$C$2& " Sector - "&[2]EB2!$X$20 -> Demand Agriculture Sector - Demand | Q5: =$E$2 -> PJ
M6: ENV | O6: =$B$2&[2]EB2!$C$29 -> AGRCO2 | P6: =$C$2&" "&[2]EB2!$C$30 -> Agriculture Carbon dioxide | Q6: =[2]EB2!$AA$2 -> kt
G7: Relaxation factor
D8: ~FI_T | G8: 0.2 | M8: ~FI_Process
B9: TechName | C9: Comm-IN | D9: Comm-OUT | E9: STOCK | F9: Share-I~UP | G9: Share-I~2050~UP | H9: EFF | I9: AFA | J9: LIFE | K9: Demand | M9: Sets | N9: Region | O9: TechName | P9: TechDesc | Q9: Tact | R9: Tcap
B10: *Technology Name | C10: Input Commodity | D10: Output Commodity | E10: Existing Installed Capacity | F10: Input Share | G10: Input Share | H10: Efficiency | I10: Utilisation Factor | J10: Remaining Lifetime | K10: Production | M10: *Process Set Membership | N10: Region Name | O10: Technology Name | P10: Technology Description | Q10: Activity Unit | R10: Capacity Unit
B11: *Units | E11: GW | J11: Years | M11: *
B12: =O12 -> AOTETOT | C12: =[2]Sector_Fuels_AGR!L5 -> AGRCOA | D12: =$O$5 -> DAOT | F12: ='EB1'!D8/('EB1'!$D$8+'EB1'!$E$8+SUM('EB1'!$G$8:$J$8,'EB1'!$M$8,'EB1'!$L$8)+'EB1'!$O$8+'EB1'!$U$8) -> 0 | G12: 0 | H12: 1 | I12: 1 | J12: 20 | M12: DMD | O12: =LEFT($B$2)&[2]EB2!$C$20&$J$2&[2]EB2!$V$2 -> AOTETOT | P12: =$D$2&" "&$C$2& " Sector - "&""&$J$1&" "&[2]EB2!$X$20&" - "&[2]EB2!$V$2 -> Demand Technologies Agriculture Sector - Existing Demand - TOT | Q12: =$E$2 -> PJ | R12: =$E$2&"a" -> PJa
B13: AOTETOT | C13: =[2]Sector_Fuels_AGR!L6 -> AGRGAS | D13: =$O$5 -> DAOT | F13: ='EB1'!E8/('EB1'!$D$8+'EB1'!$E$8+SUM('EB1'!$G$8:$J$8,'EB1'!$M$8,'EB1'!$L$8)+'EB1'!$O$8+'EB1'!$U$8) -> 0 | G13: 0 | H13: 1 | I13: 1 | J13: 20
B14: AOTETOT | C14: =[2]Sector_Fuels_AGR!L7 -> AGROIL | D14: =$O$5 -> DAOT | F14: =SUM('EB1'!G8:J8,'EB1'!L8:M8)/('EB1'!$D$8+'EB1'!$E$8+SUM('EB1'!$G$8:$J$8,'EB1'!$M$8,'EB1'!$L$8)+'EB1'!$O$8+'EB1'!$U$8) -> 1 | G14: =IF(F14=0,20%,F14*(1+$G$8)) -> 1.2 | H14: 1 | I14: 1 | J14: 20 | K14: 8.9932883
B15: AOTETOT | C15: =[2]Sector_Fuels_AGR!L8 -> AGRBIO | D15: =$O$5 -> DAOT | F15: ='EB1'!O8/('EB1'!$D$8+'EB1'!$E$8+SUM('EB1'!$G$8:$J$8,'EB1'!$M$8,'EB1'!$L$8)+'EB1'!$O$8+'EB1'!$U$8) -> 0 | G15: 0 | H15: 1 | I15: 1 | J15: 20
B16: AOTETOT | C16: =[2]Sector_Fuels_AGR!L9 -> AGRELC | D16: =$O$5 -> DAOT | F16: ='EB1'!U8/('EB1'!$D$8+'EB1'!$E$8+SUM('EB1'!$G$8:$J$8,'EB1'!$M$8,'EB1'!$L$8)+'EB1'!$O$8+'EB1'!$U$8) -> 0 | G16: 0 | H16: 1 | I16: 1 | J16: 20
C26: User inputs
C27: Linked to the Energy Balance

Sheet Sector_Fuels_COM
B1: Sector Name | C1: Commodity | D1: Description | E1: Deafult unit | F1: Currency | G1: Existing
B2: ='EB1'!B6 -> COM | C2: ='EB1'!C6 -> Commercial | D2: Sector Fuel | E2: ='EB1'!Z2 -> PJ | F2: ='EB1'!Y2 -> M$2021 | G2: E | J2: ~FI_Comm
J3: Csets | K3: Region | L3: CommName | M3: CommDesc | N3: Unit | O3: LimType | P3: CTSLvl | Q3: PeakTS | R3: Ctype
J4: *Commodity Set Membership | K4: Region Name | L4: Commodity Name | M4: Commodity Description | N4: Unit | O4: Sense of the Balance EQN. | P4: Timeslice Level | Q4: Peak Monitoring | R4: Electricity Indicator
J5: NRG | L5: =$B$2&'EB1'!$D$2 -> COMCOA | M5: =$C$2&" "&'EB1'!$D$3 -> Commercial Solid Fuels | N5: =$E$2 -> PJ
L6: =$B$2&'EB1'!$E$2 -> COMGAS | M6: =$C$2&" "&'EB1'!$E$3 -> Commercial Natural Gas | N6: =$E$2 -> PJ
L7: =$B$2&'EB1'!$F$2 -> COMOIL | M7: =$C$2&" "&RIGHT('EB1'!$F$3,3) -> Commercial Oil | N7: =$E$2 -> PJ
L8: =$B$2&'EB1'!$O$2 -> COMBIO | M8: =$C$2&" "&'EB1'!$O$3 -> Commercial Biomass | N8: =$E$2 -> PJ
L9: =$B$2&'EB1'!$R$2 -> COMSOL | M9: =$C$2&" "&'EB1'!$R$3 -> Commercial Solar energy | N9: =$E$2 -> PJ
L10: =$B$2&'EB1'!$U$2 -> COMELC | M10: =$C$2&" "&'EB1'!$U$3 -> Commercial Electricity | N10: =$E$2 -> PJ | P10: DAYNITE | R10: ELC
D12: ~FI_T | J12: ~FI_Process
B13: TechName | C13: Comm-IN | D13: Comm-OUT | E13: Share-I~UP | F13: STOCK | G13: EFF | H13: LIFE | J13: Sets | K13: Region | L13: TechName | M13: TechDesc | N13: Tact | O13: Tcap | P13: Tslvl | Q13: PrimaryCG | R13: Vintage
B14: *Technology Name | C14: Input Commodity | D14: Output Commodity | E14: Input Share | F14: Existing Installed Capacity | G14: Efficiency | H14: Lifetime | J14: *Process Set Membership | K14: Region Name | L14: Technology Name | M14: Technology Description | N14: Activity Unit | O14: Capacity Unit | P14: TimeSlice level of Process Activity | Q14: Primary Commodity Group | R14: Vintage Tracking
B15: *Units | F15: =E2&"a" -> PJa | H15: Years | J15: *
B16: =L16 -> FTE-COMCOA | C16: =RIGHT(D16,3) -> COA | D16: =L5 -> COMCOA | G16: 1 | H16: 30 | J16: PRE | L16: ="FT"&$G$2&"-"&L5 -> FTE-COMCOA | M16: =$D$2&" Technology"&" "&$G$1&" "&M5 -> Sector Fuel Technology Existing Commercial Solid Fuels | N16: =$E$2 -> PJ | O16: =$E$2&"a" -> PJa
B17: =L17 -> FTE-COMGAS | C17: =RIGHT(D17,3) -> GAS | D17: =L6 -> COMGAS | G17: 1 | H17: 30 | L17: ="FT"&$G$2&"-"&L6 -> FTE-COMGAS | M17: =$D$2&" Technology"&" "&$G$1&" "&M6 -> Sector Fuel Technology Existing Commercial Natural Gas | N17: =$E$2 -> PJ | O17: =$E$2&"a" -> PJa
B18: =L18 -> FTE-COMOIL | C18: ='EB1'!$G$2 -> DSL | D18: =L7 -> COMOIL | E18: ='EB1'!$G$6/SUM('EB1'!$G$6:$J$6,'EB1'!$L$6:$M$6) -> 0 | G18: 1 | H18: 30 | L18: ="FT"&$G$2&"-"&L7 -> FTE-COMOIL | M18: =$D$2&" Technology"&" "&$G$1&" "&M7 -> Sector Fuel Technology Existing Commercial Oil | N18: =$E$2 -> PJ | O18: =$E$2&"a" -> PJa
C19: ='EB1'!$H$2 -> KER | E19: ='EB1'!$H$6/SUM('EB1'!$G$6:$J$6,'EB1'!$L$6:$M$6) -> 0 | L19: ="FT"&$G$2&"-"&L8 -> FTE-COMBIO | M19: =$D$2&" Technology"&" "&$G$1&" "&M8 -> Sector Fuel Technology Existing Commercial Biomass | N19: =$E$2 -> PJ | O19: =$E$2&"a" -> PJa
C20: ='EB1'!$I$2 -> LPG | E20: ='EB1'!$I$6/SUM('EB1'!$G$6:$J$6,'EB1'!$L$6:$M$6) -> 0.99623299 | L20: ="FT"&$G$2&"-"&L9 -> FTE-COMSOL | M20: =$D$2&" Technology"&" "&$G$1&" "&M9 -> Sector Fuel Technology Existing Commercial Solar energy | N20: =$E$2 -> PJ | O20: =$E$2&"a" -> PJa
C21: ='EB1'!$J$2 -> GSL | E21: ='EB1'!$J$6/SUM('EB1'!$G$6:$J$6,'EB1'!$L$6:$M$6) -> 0 | L21: ="FT"&$G$2&"-"&L10 -> FTE-COMELC | M21: =$D$2&" Technology"&" "&$G$1&" "&M10 -> Sector Fuel Technology Existing Commercial Electricity | N21: =$E$2 -> PJ | O21: =$E$2&"a" -> PJa | P21: DAYNITE
C22: ='EB1'!$L$2 -> HFO | E22: ='EB1'!$L$6/SUM('EB1'!$G$6:$J$6,'EB1'!$L$6:$M$6) -> 0
C23: ='EB1'!$M$2 -> OPP | E23: ='EB1'!$M$6/SUM('EB1'!$G$6:$J$6,'EB1'!$L$6:$M$6) -> 0.003767006
B24: =L19 -> FTE-COMBIO | C24: =RIGHT(D24,3) -> BIO | D24: =L8 -> COMBIO | G24: 1 | H24: 30
B25: =L20 -> FTE-COMSOL | C25: =RIGHT(D25,3) -> SOL | D25: =L9 -> COMSOL | G25: 1 | H25: 30
B26: =L21 -> FTE-COMELC | C26: =RIGHT(D26,3) -> ELC | D26: =L10 -> COMELC | F26: 99999 | G26: 1 | H26: 30
C41: User inputs
C42: Linked to the Energy Balance

Sheet DemTechs_COM
B1: Sector Name | C1: Description | D1: Type | E1: Activity Unit | F1: Capacity unit | G1: Currency Unit | I1: Existing
B2: ='EB1'!B6 -> COM | C2: ='EB1'!C6 -> Commercial | D2: ="Demand Technologies" -> Demand Technologies | E2: ='EB1'!Z2 -> PJ | F2: GW or Pja | G2: ='EB1'!Y2 -> M$2021 | I2: E | M2: ~FI_Comm
M3: Csets | N3: Region | O3: CommName | P3: CommDesc | Q3: Unit | R3: LimType | S3: CTSLvl | T3: PeakTS | U3: Ctype
M4: *Commodity Set Membership | N4: Region Name | O4: Commodity Name | P4: Commodity Description | Q4: Unit | R4: Sense of the Balance EQN. | S4: Timeslice Level | T4: Peak Monitoring | U4: Electricity Indicator
M5: DEM | O5: =LEFT($M$5,1)&LEFT($B$2,1)&'EB1'!$C$24 -> DCSC | P5: =LEFT($D$2,6)&" "&$C$2& " Sector - "&'EB1'!$X$24 -> Demand Commercial Sector - Space Cooling | Q5: =$E$2 -> PJ
O6: =LEFT($M$5,1)&LEFT($B$2,1)&'EB1'!$C$25 -> DCAP | P6: =LEFT($D$2,6)&" "&$C$2& " Sector - "&'EB1'!$X$25 -> Demand Commercial Sector - Appliancens | Q6: =$E$2 -> PJ
O7: =LEFT($M$5,1)&LEFT($B$2,1)&'EB1'!$C$26 -> DCOT | P7: =LEFT($D$2,6)&" "&$C$2& " Sector - "&'EB1'!$X$26 -> Demand Commercial Sector - Other | Q7: =$E$2 -> PJ
M8: ENV | O8: =$B$2&'EB1'!$C$29 -> COMCO2 | P8: =$C$2&" "&'EB1'!$C$30 -> Commercial Carbon dioxide | Q8: ='EB1'!$AA$2 -> kt
D10: ~FI_T | M10: ~FI_Process
B11: TechName | C11: Comm-IN | D11: Comm-OUT | E11: STOCK | F11: EFF | G11: AFA | H11: CAP2ACT | I11: LIFE | K11: Demand | M11: Sets | N11: Region | O11: TechName | P11: TechDesc | Q11: Tact | R11: Tcap | S11: Tslvl | T11: PrimaryCG | U11: Vintage
B12: *Technology Name | C12: Input Commodity | D12: Output Commodity | E12: Existing Installed Capacity | F12: Efficiency | G12: Utilisation Factor | H12: Capacity to Activity Factor | I12: Lifetime | K12: Production | M12: *Process Set Membership | N12: Region Name | O12: Technology Name | P12: Technology Description | Q12: Activity Unit | R12: Capacity Unit | S12: TimeSlice level of Process Activity | T12: Primary Commodity Group | U12: Vintage Tracking
B13: *Units | E13: GW | H13: Capacity Unit/PJ | I13: Years | M13: *
B14: =O14 -> CSCESOL | C14: =$B$2&RIGHT(B14,3) -> COMSOL | D14: =$O$5 -> DCSC | E14: ='EB1'!$R$6*'EB1'!$R$24/(G14*H14)*1.01 -> 0 | F14: 1 | G14: 0.3 | H14: 31.536 | I14: 15 | K14: =E14*G14*H14 -> 0 | M14: DMD | O14: =LEFT($B$2)&'EB1'!$C$21&$I$2&'EB1'!$R$2 -> CSCESOL | P14: =$D$2&" "&$C$2& " Sector - "&""&$I$1&" "&'EB1'!$X$21&" - "&'EB1'!$R$3 -> Demand Technologies Commercial Sector - Existing Space Cooling - Solar energy | Q14: =$E$2 -> PJ | R14: GW
B15: =O15 -> CSCEELC | C15: =$B$2&RIGHT(B15,3) -> COMELC | D15: =$O$5 -> DCSC | E15: ='EB1'!$U$6*'EB1'!$U$24/(G15*H15)*1.01 -> 0.70303036 | F15: 0.95 | G15: 0.3 | H15: 31.536 | I15: 15 | K15: =E15*G15*H15 -> 6.6512296 | M15: DMD | O15: =LEFT($B$2)&'EB1'!$C$21&$I$2&'EB1'!$U$2 -> CSCEELC | P15: =$D$2&" "&$C$2& " Sector - "&""&$I$1&" "&'EB1'!$X$21&" - "&'EB1'!$U$3 -> Demand Technologies Commercial Sector - Existing Space Cooling - Electricity | Q15: =$E$2 -> PJ | R15: GW
B16: =O16 -> CAPEELC | C16: =$B$2&RIGHT(B16,3) -> COMELC | D16: =$O$6 -> DCAP | E16: ='EB1'!$U$6*'EB1'!$U$25/(G16*H16)*1.01 -> 10.077621 | F16: 1 | G16: 0.3 | H16: 1 | I16: 5 | K16: =E16*G16*H16 -> 3.0232862 | M16: DMD | O16: =LEFT($B$2)&'EB1'!$C$22&$I$2&'EB1'!$U$2 -> CAPEELC | P16: =$D$2&" "&$C$2& " Sector - "&""&$I$1&" "&'EB1'!$X$22&" - "&'EB1'!$U$3 -> Demand Technologies Commercial Sector - Existing Appliancens - Electricity | Q16: =$E$2 -> PJ | R16: =$E$2&"a" -> PJa
B17: =O17 -> COTEOIL | C17: =$B$2&RIGHT(B17,3) -> COMOIL | D17: =$O$7 -> DCOT | E17: =SUM('EB1'!$G$6:$J$6,'EB1'!$L$6:$M$6)*'EB1'!$I$26/(G17*H17)*1.01 -> 18.110539 | F17: 1 | G17: 0.3 | H17: 1 | I17: 10 | K17: =E17*G17*H17 -> 5.4331618 | M17: DMD | O17: =LEFT($B$2)&'EB1'!$C$23&$I$2&'EB1'!$F$2 -> COTEOIL | P17: =$D$2&" "&$C$2& " Sector - "&""&$I$1&" "&'EB1'!$X$23&" - "&RIGHT('EB1'!$F$3,3) -> Demand Technologies Commercial Sector - Existing Other - Oil | Q17: =$E$2 -> PJ | R17: =$E$2&"a" -> PJa
B18: =O18 -> COTEELC | C18: =$B$2&RIGHT(B18,3) -> COMELC | D18: =$O$7 -> DCOT | E18: ='EB1'!$U$6*'EB1'!$U$26/(G18*H18)*1.01 -> 8.0620965 | F18: 1 | G18: 0.3 | H18: 1 | I18: 10 | K18: =E18*G18*H18 -> 2.4186289 | M18: DMD | O18: =LEFT($B$2)&'EB1'!$C$23&$I$2&'EB1'!$U$2 -> COTEELC | P18: =$D$2&" "&$C$2& " Sector - "&""&$I$1&" "&'EB1'!$X$23&" - "&'EB1'!$U$3 -> Demand Technologies Commercial Sector - Existing Other - Electricity | Q18: =$E$2 -> PJ | R18: =$E$2&"a" -> PJa
C30: User inputs
C31: Linked to the Energy Balance

Sheet Sector_Fuels_RSD
B1: Sector Name | C1: Commodity | D1: Description | E1: Deafult unit | F1: Currency | G1: Existing
B2: ='EB1'!B5 -> RSD | C2: ='EB1'!C5 -> Residential | D2: Sector Fuel | E2: ='EB1'!Z2 -> PJ | F2: ='EB1'!Y2 -> M$2021 | G2: E | J2: ~FI_Comm
J3: Csets | K3: Region | L3: CommName | M3: CommDesc | N3: Unit | O3: LimType | P3: CTSLvl | Q3: PeakTS | R3: Ctype
J4: *Commodity Set Membership | K4: Region Name | L4: Commodity Name | M4: Commodity Description | N4: Unit | O4: Sense of the Balance EQN. | P4: Timeslice Level | Q4: Peak Monitoring | R4: Electricity Indicator
J5: NRG | L5: =$B$2&'EB1'!$D$2 -> RSDCOA | M5: =$C$2&" "&'EB1'!$D$3 -> Residential Solid Fuels | N5: =$E$2 -> PJ
L6: =$B$2&'EB1'!$E$2 -> RSDGAS | M6: =$C$2&" "&'EB1'!$E$3 -> Residential Natural Gas | N6: =$E$2 -> PJ
L7: =$B$2&'EB1'!$F$2 -> RSDOIL | M7: =$C$2&" "&RIGHT('EB1'!$F$3,3) -> Residential Oil | N7: =$E$2 -> PJ
L8: =$B$2&'EB1'!$O$2 -> RSDBIO | M8: =$C$2&" "&'EB1'!$O$3 -> Residential Biomass | N8: =$E$2 -> PJ
L9: =$B$2&'EB1'!$R$2 -> RSDSOL | M9: =$C$2&" "&'EB1'!$R$3 -> Residential Solar energy | N9: =$E$2 -> PJ
L10: =$B$2&'EB1'!$U$2 -> RSDELC | M10: =$C$2&" "&'EB1'!$R$3 -> Residential Solar energy | N10: =$E$2 -> PJ | P10: DAYNITE | R10: ELC
D13: ~FI_T | J13: ~FI_Process
B14: TechName | C14: Comm-IN | D14: Comm-OUT | E14: Share-I~UP | F14: STOCK | G14: EFF | H14: LIFE | J14: Sets | K14: Region | L14: TechName | M14: TechDesc | N14: Tact | O14: Tcap | P14: Tslvl | Q14: PrimaryCG | R14: Vintage
B15: *Technology Name | C15: Input Commodity | D15: Output Commodity | E15: Input Share | F15: Existing Installed Capacity | G15: Efficiency | H15: Lifetime | J15: *Process Set Membership | K15: Region Name | L15: Technology Name | M15: Technology Description | N15: Activity Unit | O15: Capacity Unit | P15: TimeSlice level of Process Activity | Q15: Primary Commodity Group | R15: Vintage Tracking
B16: *Units | F16: =E2&"a" -> PJa | H16: Years | J16: *
B17: =L17 -> FTE-RSDCOA | C17: =RIGHT(D17,3) -> COA | D17: =L5 -> RSDCOA | G17: 1 | H17: 50 | J17: PRE | L17: ="FT"&$G$2&"-"&L5 -> FTE-RSDCOA | M17: =$D$2&" Technology"&" "&$G$1&" "&M5 -> Sector Fuel Technology Existing Residential Solid Fuels | N17: =$E$2 -> PJ | O17: =$E$2&"a" -> PJa
B18: =L18 -> FTE-RSDGAS | C18: =RIGHT(D18,3) -> GAS | D18: =L6 -> RSDGAS | G18: 1 | H18: 50 | L18: ="FT"&$G$2&"-"&L6 -> FTE-RSDGAS | M18: =$D$2&" Technology"&" "&$G$1&" "&M6 -> Sector Fuel Technology Existing Residential Natural Gas | N18: =$E$2 -> PJ | O18: =$E$2&"a" -> PJa
B19: =L19 -> FTE-RSDOIL | C19: ='EB1'!$G$2 -> DSL | D19: =L7 -> RSDOIL | E19: ='EB1'!$G$5/SUM('EB1'!$G$5:$J$5,'EB1'!$L$5:$M$5) -> 0 | G19: 1 | H19: 50 | L19: ="FT"&$G$2&"-"&L7 -> FTE-RSDOIL | M19: =$D$2&" Technology"&" "&$G$1&" "&M7 -> Sector Fuel Technology Existing Residential Oil | N19: =$E$2 -> PJ | O19: =$E$2&"a" -> PJa
C20: ='EB1'!$H$2 -> KER | E20: ='EB1'!$H$5/SUM('EB1'!$G$5:$J$5,'EB1'!$L$5:$M$5) -> 0 | L20: ="FT"&$G$2&"-"&L8 -> FTE-RSDBIO | M20: =$D$2&" Technology"&" "&$G$1&" "&M8 -> Sector Fuel Technology Existing Residential Biomass | N20: =$E$2 -> PJ | O20: =$E$2&"a" -> PJa
C21: ='EB1'!$I$2 -> LPG | E21: ='EB1'!$I$5/SUM('EB1'!$G$5:$J$5,'EB1'!$L$5:$M$5) -> 1 | L21: ="FT"&$G$2&"-"&L9 -> FTE-RSDSOL | M21: =$D$2&" Technology"&" "&$G$1&" "&M9 -> Sector Fuel Technology Existing Residential Solar energy | N21: =$E$2 -> PJ | O21: =$E$2&"a" -> PJa
C22: ='EB1'!$J$2 -> GSL | E22: ='EB1'!$J$5/SUM('EB1'!$G$5:$J$5,'EB1'!$L$5:$M$5) -> 0 | L22: ="FT"&$G$2&"-"&L10 -> FTE-RSDELC | M22: =$D$2&" Technology"&" "&$G$1&" "&M10 -> Sector Fuel Technology Existing Residential Solar energy | N22: =$E$2 -> PJ | O22: =$E$2&"a" -> PJa | P22: DAYNITE
C23: ='EB1'!$L$2 -> HFO | E23: ='EB1'!$L$5/SUM('EB1'!$G$5:$J$5,'EB1'!$L$5:$M$5) -> 0
C24: ='EB1'!$M$2 -> OPP | E24: ='EB1'!$M$5/SUM('EB1'!$G$5:$J$5,'EB1'!$L$5:$M$5) -> 0
B25: =L20 -> FTE-RSDBIO | C25: =RIGHT(D25,3) -> BIO | D25: =L8 -> RSDBIO | G25: 1 | H25: 50
B26: =L21 -> FTE-RSDSOL | C26: =RIGHT(D26,3) -> SOL | D26: =L9 -> RSDSOL | G26: 1 | H26: 50
B27: =L22 -> FTE-RSDELC | C27: =RIGHT(D27,3) -> ELC | D27: =L10 -> RSDELC | F27: 99999 | G27: 1 | H27: 50
C31: User inputs
C32: Linked to the Energy Balance

Sheet DemTechs_RSD
B1: Sector Name | C1: Description | D1: Type | E1: Activity Unit | F1: Capacity unit | G1: Currency Unit | I1: Existing
B2: ='EB1'!B5 -> RSD | C2: ='EB1'!C5 -> Residential | D2: ="Demand Technologies" -> Demand Technologies | E2: ='EB1'!Z2 -> PJ | F2: GW or Pja | G2: ='EB1'!Y2 -> M$2021 | I2: E | M2: ~FI_Comm
M3: Csets | N3: Region | O3: CommName | P3: CommDesc | Q3: Unit | R3: LimType | S3: CTSLvl | T3: PeakTS | U3: Ctype
M4: *Commodity Set Membership | N4: Region Name | O4: Commodity Name | P4: Commodity Description | Q4: Unit | R4: Sense of the Balance EQN. | S4: Timeslice Level | T4: Peak Monitoring | U4: Electricity Indicator
M5: DEM | O5: =LEFT($M$5,1)&LEFT($B$2,1)&'EB1'!$C$21 -> DRSC | P5: =LEFT($D$2,6)&" "&$C$2& " Sector - "&'EB1'!$X$21 -> Demand Residential Sector - Space Cooling | Q5: =$E$2 -> PJ
O6: =LEFT($M$5,1)&LEFT($B$2,1)&'EB1'!$C$22 -> DRAP | P6: =LEFT($D$2,6)&" "&$C$2& " Sector - "&'EB1'!$X$22 -> Demand Residential Sector - Appliancens | Q6: =$E$2 -> PJ
O7: =LEFT($M$5,1)&LEFT($B$2,1)&'EB1'!$C$23 -> DROT | P7: =LEFT($D$2,6)&" "&$C$2& " Sector - "&'EB1'!$X$23 -> Demand Residential Sector - Other | Q7: =$E$2 -> PJ
M8: ENV | O8: =$B$2&'EB1'!$C$29 -> RSDCO2 | P8: =$C$2&" "&'EB1'!C30 -> Residential Carbon dioxide | Q8: ='EB1'!$AA$2 -> kt
D10: ~FI_T | M10: ~FI_Process
B11: TechName | C11: Comm-IN | D11: Comm-OUT | E11: STOCK | F11: EFF | G11: AFA | H11: PRC_CAPACT | I11: LIFE | K11: Demand | M11: Sets | N11: Region | O11: TechName | P11: TechDesc | Q11: Tact | R11: Tcap | S11: Tslvl | T11: PrimaryCG | U11: Vintage
B12: *Technology Name | C12: Input Commodity | D12: Output Commodity | E12: Existing Installed Capacity | F12: Efficiency | G12: Utilisation Factor | H12: Capacity to Activity Factor | I12: Lifetime | K12: Production | M12: *Process Set Membership | N12: Region Name | O12: Technology Name | P12: Technology Description | Q12: Activity Unit | R12: Capacity Unit | S12: TimeSlice level of Process Activity | T12: Primary Commodity Group | U12: Vintage Tracking
B13: *Units | E13: GW | H13: Capacity Unit/PJ | I13: Years | M13: *
B14: =O14 -> RSCEELC | C14: =$B$2&RIGHT(B14,3) -> RSDELC | D14: =$O$5 -> DRSC | E14: ='EB1'!$U$5*'EB1'!$U$21/(G14*H14)*1.01 -> 0.65044466 | F14: 0.95 | G14: 0.3 | H14: 31.536 | I14: 15 | K14: =E14*G14*H14 -> 6.1537268 | M14: DMD | O14: =LEFT($B$2)&'EB1'!$C$21&$I$2&'EB1'!$U$2 -> RSCEELC | P14: =$D$2&" "&$C$2& " Sector - "&""&$I$1&" "&'EB1'!$X$21&" - "&'EB1'!$U$3 -> Demand Technologies Residential Sector - Existing Space Cooling - Electricity | Q14: =$E$2 -> PJ | R14: GW
B15: =O15 -> RAPEELC | C15: =$B$2&RIGHT(B15,3) -> RSDELC | D15: =$O$6 -> DRAP | E15: ='EB1'!$U$5*'EB1'!$U$22/(G15*H15)*1.01 -> 17.94837 | F15: 1 | G15: 0.3 | H15: 1 | I15: 5 | K15: =E15*G15*H15 -> 5.384511 | M15: DMD | O15: =LEFT($B$2)&'EB1'!$C$22&$I$2&'EB1'!$U$2 -> RAPEELC | P15: =$D$2&" "&$C$2& " Sector - "&""&$I$1&" "&'EB1'!$X$22&" - "&'EB1'!$U$3 -> Demand Technologies Residential Sector - Existing Appliancens - Electricity | Q15: =$E$2 -> PJ | R15: =$E$2&"a" -> PJa
B16: =O16 -> ROTEOIL | C16: =$B$2&RIGHT(B16,3) -> RSDOIL | D16: =$O$7 -> DROT | E16: =SUM('EB1'!$G$5:$J$5,'EB1'!$L$5:$M$5)*'EB1'!$I$23/(G16*H16)*1.01 -> 29.554161 | F16: 1 | G16: 0.3 | H16: 1 | I16: 10 | K16: =E16*G16*H16 -> 8.8662482 | M16: DMD | O16: =LEFT($B$2)&'EB1'!$C$23&$I$2&'EB1'!$F$2 -> ROTEOIL | P16: =$D$2&" "&$C$2& " Sector - "&""&$I$1&" "&'EB1'!$X$23&" - "&RIGHT('EB1'!$F$3,3) -> Demand Technologies Residential Sector - Existing Other - Oil | Q16: =$E$2 -> PJ | R16: =$E$2&"a" -> PJa
B17: =O17 -> ROTEBIO | C17: =$B$2&RIGHT(B17,3) -> RSDBIO | D17: =$O$7 -> DROT | E17: ='EB1'!$O$5*'EB1'!$O$23/(G17*H17)*1.01 -> 99.673933 | F17: 1 | G17: 0.3 | H17: 1 | I17: 10 | K17: =E17*G17*H17 -> 29.90218 | M17: DMD | O17: =LEFT($B$2)&'EB1'!$C$23&$I$2&'EB1'!$O$2 -> ROTEBIO | P17: =$D$2&" "&$C$2& " Sector - "&""&$I$1&" "&'EB1'!$X$23&" - "&'EB1'!$O$3 -> Demand Technologies Residential Sector - Existing Other - Biomass | Q17: =$E$2 -> PJ | R17: =$E$2&"a" -> PJa
B18: =O18 -> ROTEELC | C18: =$B$2&RIGHT(B18,3) -> RSDELC | D18: =$O$7 -> DROT | E18: ='EB1'!$U$5*'EB1'!$U$23/(G18*H18)*1.01 -> 12.820264 | F18: 1 | G18: 0.3 | H18: 1 | I18: 10 | K18: =E18*G18*H18 -> 3.8460793 | M18: DMD | O18: =LEFT($B$2)&'EB1'!$C$23&$I$2&'EB1'!$U$2 -> ROTEELC | P18: =$D$2&" "&$C$2& " Sector - "&""&$I$1&" "&'EB1'!$X$23&" - "&'EB1'!$U$3 -> Demand Technologies Residential Sector - Existing Other - Electricity | Q18: =$E$2 -> PJ | R18: =$E$2&"a" -> PJa
C30: User inputs
C31: Linked to the Energy Balance

Sheet Demands
B1: Sector Name | C1: Commodity | D1: Description | E1: Default Unit
B2: DEM | E2: ='EB1'!Z2 -> PJ
C5: ~FI_T | I5: ~FI_T
B6: Attribute | C6: CommName | D6: *Unit | E6: 2021 | G6: Attribute | H6: CommName | I6: Timeslices | J6: 2021
B7: * | C7: Demand Commodity Name | D7: Demand Unit | E7: Demand Value | G7: * | H7: Demand Commodity Name
B8: *Units | E8: =E2 -> PJ | G8: *Units
B9: Demand | C9: =DemTechs_RSD!$O$5 -> DRSC | D9: PJ | E9: =SUM(DemTechs_RSD!K14:K14) -> 6.1537268 | G9: COM_FR | H9: =DemTechs_RSD!$O$5 -> DRSC | I9: DD | J9: 0.15
B10: Demand | C10: =DemTechs_RSD!$O$6 -> DRAP | D10: PJ | E10: =SUM(DemTechs_RSD!K15) -> 5.384511 | G10: COM_FR | H10: =DemTechs_RSD!$O$5 -> DRSC | I10: DN | J10: 0.45
B11: Demand | C11: =DemTechs_RSD!$O$7 -> DROT | D11: PJ | E11: =SUM(DemTechs_RSD!K16:K18) -> 42.614507 | G11: COM_FR | H11: =DemTechs_RSD!$O$5 -> DRSC | I11: RD | J11: 0.1
B12: Demand | C12: =DemTechs_COM!$O$5 -> DCSC | D12: PJ | E12: =SUM(DemTechs_COM!K14:K15) -> 6.6512296 | G12: COM_FR | H12: =DemTechs_RSD!$O$5 -> DRSC | I12: RN | J12: 0.3
B13: Demand | C13: =DemTechs_COM!$O$6 -> DCAP | D13: PJ | E13: =SUM(DemTechs_COM!K16) -> 3.0232862 | G13: COM_FR | H13: =DemTechs_RSD!$O$6 -> DRAP | I13: DD | J13: 0.2
B14: Demand | C14: =DemTechs_COM!$O$7 -> DCOT | D14: PJ | E14: =SUM(DemTechs_COM!K17:K18) -> 7.8517907 | G14: COM_FR | H14: =DemTechs_RSD!$O$6 -> DRAP | I14: DN | J14: 0.35
B15: Demand | C15: DAOT | D15: PJ | E15: =DemTechs_AGR!K14 -> 8.9932883 | G15: COM_FR | H15: =DemTechs_RSD!$O$6 -> DRAP | I15: RD | J15: 0.15
G16: COM_FR | H16: =DemTechs_RSD!$O$6 -> DRAP | I16: RN | J16: 0.3
G17: COM_FR | H17: =DemTechs_RSD!$O$7 -> DROT | I17: DD | J17: 0.1
G18: COM_FR | H18: =DemTechs_RSD!$O$7 -> DROT | I18: DN | J18: 0.45
G19: COM_FR | H19: =DemTechs_RSD!$O$7 -> DROT | I19: RD | J19: 0.1
G20: COM_FR | H20: =DemTechs_RSD!$O$7 -> DROT | I20: RN | J20: 0.35
G21: COM_FR | H21: =DemTechs_COM!$O$5 -> DCSC | I21: DD | J21: 0.5
G22: COM_FR | H22: =DemTechs_COM!$O$5 -> DCSC | I22: DN | J22: 0.1
G23: COM_FR | H23: =DemTechs_COM!$O$5 -> DCSC | I23: RD | J23: 0.35
G24: COM_FR | H24: =DemTechs_COM!$O$5 -> DCSC | I24: RN | J24: 0.05
G25: COM_FR | H25: =DemTechs_COM!$O$6 -> DCAP | I25: DD | J25: 0.4
G26: COM_FR | H26: =DemTechs_COM!$O$6 -> DCAP | I26: DN | J26: 0.1
G27: COM_FR | H27: =DemTechs_COM!$O$6 -> DCAP | I27: RD | J27: 0.4
G28: COM_FR | H28: =DemTechs_COM!$O$6 -> DCAP | I28: RN | J28: 0.1
G29: COM_FR | H29: =DemTechs_COM!$O$7 -> DCOT | I29: DD | J29: 0.45
C30: User inputs | G30: COM_FR | H30: =DemTechs_COM!$O$7 -> DCOT | I30: DN | J30: 0.05
C31: Linked to the Energy Balance | G31: COM_FR | H31: =DemTechs_COM!$O$7 -> DCOT | I31: RD | J31: 0.45
G32: COM_FR | H32: =DemTechs_COM!$O$7 -> DCOT | I32: RN | J32: 0.05

Sheet Emi
B3: Dynamic coefficients for combustion emissions in agriculture, residential and comemrcial
B5: ~COMEMI | H5: ~COMEMI | N5: ~COMEMI
B6: CommName | C6: =Sector_Fuels_AGR!$L$5 -> AGRCOA | D6: =Sector_Fuels_AGR!$L$6 -> AGRGAS | E6: =Sector_Fuels_AGR!$L$7 -> AGROIL | F6: AGRBIO | H6: CommName | I6: =Sector_Fuels_COM!$L$5 -> COMCOA | J6: =Sector_Fuels_COM!$L$6 -> COMGAS | K6: =Sector_Fuels_COM!$L$7 -> COMOIL | L6: COMBIO | N6: CommName | O6: =Sector_Fuels_RSD!$L$5 -> RSDCOA | P6: =Sector_Fuels_RSD!$L$6 -> RSDGAS | Q6: =Sector_Fuels_RSD!$L$7 -> RSDOIL | R6: RSDBIO
B7: *Units | C7: kt/PJ | D7: kt/PJ | E7: kt/PJ | F7: kt/PJ | H7: *Units | I7: kt/PJ | J7: kt/PJ | K7: kt/PJ | L7: kt/PJ | N7: *Units | O7: kt/PJ | P7: kt/PJ | Q7: kt/PJ | R7: kt/PJ
B8: =DemTechs_AGR!$Q8 -> 0 | C8: 95 | D8: 56.1 | E8: 76.4 | F8: 112 | H8: =DemTechs_COM!$O$8 -> COMCO2 | I8: 95 | J8: 56.1 | K8: 76.4 | L8: 112 | N8: =DemTechs_RSD!$O$8 -> RSDCO2 | O8: 95 | P8: 56.1 | Q8: 76.4 | R8: 112
C23: User inputs
C24: Linked to the Energy Balance
